lr-AdamW,step,epoch,v_loss,val_metric,train_loss
5.5e-05,0,,,,
,97,0.0,0.2233610600233078,-0.2233610600233078,
,97,0,,,0.32328560948371887
4.701865978733342e-05,98,,,,
,195,1.0,0.22466619312763214,-0.22466619312763214,
,195,1,,,0.28844234347343445
2.775e-05,196,,,,
,293,2.0,0.19892969727516174,-0.19892969727516174,
,293,2,,,0.2823444604873657
8.481340212666582e-06,294,,,,
,391,3.0,0.1873249113559723,-0.1873249113559723,
,391,3,,,0.26979395747184753
