path,conf,class_id,x_min,y_min,x_max,y_max
/kaggle/temp/axial_all_images/44036939___3481971518___17.png,0.8014044761657715,0,130.0,138.0,147.0,155.0
/kaggle/temp/axial_all_images/44036939___3481971518___23.png,0.7428388595581055,0,119.0,122.0,136.0,139.0
/kaggle/temp/axial_all_images/44036939___3481971518___29.png,0.7713102102279663,0,98.0,103.0,113.99999999999999,119.0
/kaggle/temp/axial_all_images/44036939___3481971518___34.png,0.7798312902450562,0,98.0,99.0,114.99999999999999,115.99999999999999
/kaggle/temp/axial_all_images/44036939___3481971518___39.png,0.732789158821106,0,106.0,110.00000000000001,123.0,127.0
