lr-AdamW,step,epoch,v_loss,val_metric,train_loss
5.5e-05,0,,,,
,122,0.0,0.28862765431404114,-0.28862765431404114,
,122,0,,,0.33375975489616394
4.701865978733342e-05,123,,,,
,245,1.0,0.24732442200183868,-0.24732442200183868,
,245,1,,,0.28320419788360596
2.775e-05,246,,,,
,368,2.0,0.22463499009609222,-0.22463499009609222,
,368,2,,,0.2643716335296631
8.481340212666582e-06,369,,,,
,491,3.0,0.22401659190654755,-0.22401659190654755,
,491,3,,,0.2495444118976593
