lr-AdamW,step,epoch,v_loss,val_metric,train_loss
5.5e-05,0,,,,
,96,0.0,0.306924045085907,-0.306924045085907,
,96,0,,,0.30655673146247864
4.701865978733342e-05,97,,,,
,193,1.0,0.3221803903579712,-0.3221803903579712,
,193,1,,,0.2798149585723877
2.775e-05,194,,,,
,290,2.0,0.3327275514602661,-0.3327275514602661,
,290,2,,,0.2561187446117401
8.481340212666582e-06,291,,,,
,387,3.0,0.3268640339374542,-0.3268640339374542,
,387,3,,,0.25043800473213196
