path,conf,class_id,x_min,y_min,x_max,y_max
/kaggle/temp/axial_all_images/44036939___3481971518___17.png,0.7646101117134094,0,155.0,140.0,172.0,157.0
/kaggle/temp/axial_all_images/44036939___3481971518___23.png,0.6768635511398315,0,141.0,125.0,158.0,141.0
/kaggle/temp/axial_all_images/44036939___3481971518___29.png,0.7509472966194153,0,120.0,105.0,137.0,122.0
/kaggle/temp/axial_all_images/44036939___3481971518___34.png,0.7468582391738892,0,119.0,102.0,135.0,118.0
/kaggle/temp/axial_all_images/44036939___3481971518___39.png,0.7581878304481506,0,124.0,112.00000000000001,141.0,129.0
