study_id,series_id,path,level_pred,pred_level,instance_number,z,dis,class_id,class_name,conf,x_min,y_min,x_max,y_max,model_n
44036939,3481971518,/kaggle/temp/axial_all_images/44036939___3481971518___39.png,1,5,39,8,0.3329115750782883,0,left,0.75818783,124,112,141,129,0
44036939,3481971518,/kaggle/temp/axial_all_images/44036939___3481971518___34.png,1,4,34,13,0.5920860390300327,0,left,0.74685824,119,102,135,118,0
44036939,3481971518,/kaggle/temp/axial_all_images/44036939___3481971518___29.png,1,3,29,18,0.24761457978660317,0,left,0.7509473,120,105,137,122,0
44036939,3481971518,/kaggle/temp/axial_all_images/44036939___3481971518___29.png,1,3,29,18,0.24761457978660317,0,left,0.1498298,125,100,142,117,0
44036939,3481971518,/kaggle/temp/axial_all_images/44036939___3481971518___23.png,1,2,23,24,0.4546328819426524,0,left,0.67686355,141,125,158,141,0
44036939,3481971518,/kaggle/temp/axial_all_images/44036939___3481971518___17.png,1,1,17,30,0.8186159743269226,0,left,0.7646101,155,140,172,157,0
