lr-AdamW,step,epoch,v_loss,val_metric,train_loss
5.5e-05,0,,,,
,96,0.0,0.32910463213920593,-0.32910463213920593,
,96,0,,,0.3259200155735016
4.701865978733342e-05,97,,,,
,193,1.0,0.2988649010658264,-0.2988649010658264,
,193,1,,,0.2837677597999573
2.775e-05,194,,,,
,290,2.0,0.2814435064792633,-0.2814435064792633,
,290,2,,,0.2689695656299591
8.481340212666582e-06,291,,,,
,387,3.0,0.2818126678466797,-0.2818126678466797,
,387,3,,,0.2555263638496399
