lr-AdamW,step,epoch,v_loss,val_metric,train_loss
5.5e-05,0,,,,
,96,0.0,0.27941444516181946,-0.27941444516181946,
,96,0,,,0.3484494984149933
4.701865978733342e-05,97,,,,
,193,1.0,0.2540559470653534,-0.2540559470653534,
,193,1,,,0.2932227849960327
2.775e-05,194,,,,
,290,2.0,0.243831604719162,-0.243831604719162,
,290,2,,,0.27819421887397766
8.481340212666582e-06,291,,,,
,387,3.0,0.24208228290081024,-0.24208228290081024,
,387,3,,,0.2684500515460968
