lr-AdamW,step,epoch,v_loss,val_metric,train_loss
5.5e-05,0,,,,
,96,0.0,0.3360096216201782,-0.3360096216201782,
,96,0,,,0.31219542026519775
4.701865978733342e-05,97,,,,
,193,1.0,0.301303505897522,-0.301303505897522,
,193,1,,,0.28473153710365295
2.775e-05,194,,,,
,290,2.0,0.29185667634010315,-0.29185667634010315,
,290,2,,,0.26250675320625305
8.481340212666582e-06,291,,,,
,387,3.0,0.289356529712677,-0.289356529712677,
,387,3,,,0.2554698586463928
