lr-AdamW,step,epoch,v_loss,val_metric,train_loss
5.5e-05,0,,,,
,3358,0.0,0.0671839490532875,-0.0671839490532875,
,3358,0,,,0.08963105827569962
5.440452211999621e-05,3359,,,,
,6717,1.0,0.06434091925621033,-0.06434091925621033,
,6717,1,,,0.0710490271449089
