lr-AdamW,step,epoch,v_loss,val_metric,train_loss
5.5e-05,0,,,,
,97,0.0,0.25235679745674133,-0.25235679745674133,
,97,0,,,0.3523856997489929
4.701865978733342e-05,98,,,,
,195,1.0,0.22559018433094025,-0.22559018433094025,
,195,1,,,0.30306798219680786
2.775e-05,196,,,,
,293,2.0,0.20189803838729858,-0.20189803838729858,
,293,2,,,0.285549134016037
8.481340212666582e-06,294,,,,
,391,3.0,0.20374326407909393,-0.20374326407909393,
,391,3,,,0.2793768644332886
