study_id,series_id,path,level_pred,pred_level,instance_number,z,dis,x_min,y_min,x_max,y_max,image_height,image_width,pred_spinal_canal_stenosis_normal,pred_spinal_canal_stenosis_moderate,pred_spinal_canal_stenosis_severe
44036939,3481971518,/kaggle/temp/axial_all_images/44036939___3481971518___17.png,1,1,17,30,0.8186159743269226,130.0,138.0,172.0,157.0,256,256,4.754439830780029,-5.016425609588623,-8.596428871154785
44036939,3481971518,/kaggle/temp/axial_all_images/44036939___3481971518___23.png,1,2,23,24,0.4546328819426524,119.0,122.0,158.0,141.0,256,256,-2.1218912601470947,0.8670444488525391,-1.738760232925415
44036939,3481971518,/kaggle/temp/axial_all_images/44036939___3481971518___29.png,1,3,29,18,0.2476145797866031,98.0,103.0,137.0,122.0,256,256,2.198364734649658,-2.330587148666382,-6.036546230316162
44036939,3481971518,/kaggle/temp/axial_all_images/44036939___3481971518___34.png,1,4,34,13,0.5920860390300327,98.0,99.0,135.0,118.0,256,256,1.9059432744979858,-1.9220750331878662,-5.5596513748168945
44036939,3481971518,/kaggle/temp/axial_all_images/44036939___3481971518___39.png,1,5,39,8,0.3329115750782883,106.0,110.0,141.0,129.0,256,256,1.6309229135513306,-1.6574386358261108,-4.690722465515137
