study_id,series_id,path,level_pred,pred_level,instance_number,z,dis,x_min,y_min,x_max,y_max,image_height,image_width,pred_spinal_canal_stenosis_normal,pred_spinal_canal_stenosis_moderate,pred_spinal_canal_stenosis_severe
44036939,3481971518,/kaggle/temp/axial_all_images/44036939___3481971518___17.png,1,1,17,30,0.8186159743269226,130.0,138.0,172.0,157.0,256,256,3.352875232696533,-3.3902924060821533,-6.792020320892334
44036939,3481971518,/kaggle/temp/axial_all_images/44036939___3481971518___23.png,1,2,23,24,0.4546328819426524,119.0,122.0,158.0,141.0,256,256,-3.7733070850372314,0.9743283987045288,-1.0950615406036377
44036939,3481971518,/kaggle/temp/axial_all_images/44036939___3481971518___29.png,1,3,29,18,0.2476145797866031,98.0,103.0,137.0,122.0,256,256,1.7206319570541382,-1.7259113788604736,-5.558309078216553
44036939,3481971518,/kaggle/temp/axial_all_images/44036939___3481971518___34.png,1,4,34,13,0.5920860390300327,98.0,99.0,135.0,118.0,256,256,1.6255600452423096,-1.6497910022735596,-4.75982666015625
44036939,3481971518,/kaggle/temp/axial_all_images/44036939___3481971518___39.png,1,5,39,8,0.3329115750782883,106.0,110.0,141.0,129.0,256,256,1.016923189163208,-1.1342884302139282,-4.029111385345459
