lr-AdamW,step,epoch,v_loss,val_metric,train_loss
5.5e-05,0,,,,
,96,0.0,0.28178533911705017,-0.28178533911705017,
,96,0,,,0.3153192698955536
4.701865978733342e-05,97,,,,
,193,1.0,0.24726234376430511,-0.24726234376430511,
,193,1,,,0.2887880504131317
2.775e-05,194,,,,
,290,2.0,0.23518367111682892,-0.23518367111682892,
,290,2,,,0.2706308960914612
8.481340212666582e-06,291,,,,
,387,3.0,0.23146729171276093,-0.23146729171276093,
,387,3,,,0.26546478271484375
