study_id,series_id,path,level_pred,pred_level,instance_number,z,dis
44036939,3481971518,/kaggle/temp/axial_all_images/44036939___3481971518___39.png,1,5,39,8,0.3329115750782883
44036939,3481971518,/kaggle/temp/axial_all_images/44036939___3481971518___34.png,1,4,34,13,0.5920860390300327
44036939,3481971518,/kaggle/temp/axial_all_images/44036939___3481971518___29.png,1,3,29,18,0.24761457978660317
44036939,3481971518,/kaggle/temp/axial_all_images/44036939___3481971518___23.png,1,2,23,24,0.4546328819426524
44036939,3481971518,/kaggle/temp/axial_all_images/44036939___3481971518___17.png,1,1,17,30,0.8186159743269226
