lr-AdamW,step,epoch,v_loss,val_metric,train_loss
5.5e-05,0,,,,
,122,0.0,0.26505765318870544,-0.26505765318870544,
,122,0,,,0.3163855969905853
4.701865978733342e-05,123,,,,
,245,1.0,0.23999866843223572,-0.23999866843223572,
,245,1,,,0.2792339026927948
2.775e-05,246,,,,
,368,2.0,0.23214192688465118,-0.23214192688465118,
,368,2,,,0.26305055618286133
8.481340212666582e-06,369,,,,
,491,3.0,0.23035016655921936,-0.23035016655921936,
,491,3,,,0.25183621048927307
