lr-AdamW,step,epoch,v_loss,val_metric,train_loss
5.5e-05,0,,,,
,97,0.0,0.2667287290096283,-0.2667287290096283,
,97,0,,,0.3680416941642761
4.701865978733342e-05,98,,,,
,195,1.0,0.24887382984161377,-0.24887382984161377,
,195,1,,,0.3111766278743744
2.775e-05,196,,,,
,293,2.0,0.22490255534648895,-0.22490255534648895,
,293,2,,,0.29747092723846436
8.481340212666582e-06,294,,,,
,391,3.0,0.23713934421539307,-0.23713934421539307,
,391,3,,,0.292888879776001
