,study_id,pred_level,left_right,pred_normal,pred_moderate,pred_severe
0,44036939,1,center,4.053657531738281,-4.203359007835388,-7.69422459602356
1,44036939,2,center,-2.947599172592163,0.9206864237785339,-1.4169108867645264
2,44036939,3,center,1.9594983458518982,-2.0282492637634277,-5.797427654266357
3,44036939,4,center,1.7657516598701477,-1.785933017730713,-5.159739017486572
4,44036939,5,center,1.3239230513572693,-1.3958635330200195,-4.359916925430298
