lr-AdamW,step,epoch,v_loss,val_metric,train_loss
5.5e-05,0,,,,
,97,0.0,0.2549925148487091,-0.2549925148487091,
,97,0,,,0.3484507203102112
4.701865978733342e-05,98,,,,
,195,1.0,0.25265076756477356,-0.25265076756477356,
,195,1,,,0.3164002001285553
2.775e-05,196,,,,
,293,2.0,0.23522821068763733,-0.23522821068763733,
,293,2,,,0.29940247535705566
8.481340212666582e-06,294,,,,
,391,3.0,0.24015983939170837,-0.24015983939170837,
,391,3,,,0.2920707166194916
