lr-AdamW,step,epoch,v_loss,val_metric,train_loss
5.5e-05,0,,,,
,96,0.0,0.31596338748931885,-0.31596338748931885,
,96,0,,,0.3171372413635254
4.701865978733342e-05,97,,,,
,193,1.0,0.292978435754776,-0.292978435754776,
,193,1,,,0.27575117349624634
2.775e-05,194,,,,
,290,2.0,0.3063964247703552,-0.3063964247703552,
,290,2,,,0.2563859522342682
8.481340212666582e-06,291,,,,
,387,3.0,0.30816012620925903,-0.30816012620925903,
,387,3,,,0.2488146722316742
