lr-AdamW,step,epoch,v_loss,val_metric,train_loss
5.5e-05,0,,,,
,97,0.0,0.27955710887908936,-0.27955710887908936,
,97,0,,,0.34729522466659546
4.701865978733342e-05,98,,,,
,195,1.0,0.25385376811027527,-0.25385376811027527,
,195,1,,,0.2983454167842865
2.775e-05,196,,,,
,293,2.0,0.240486279129982,-0.240486279129982,
,293,2,,,0.27164533734321594
8.481340212666582e-06,294,,,,
,391,3.0,0.2457447648048401,-0.2457447648048401,
,391,3,,,0.26353660225868225
