lr-AdamW,step,epoch,v_loss,val_metric,train_loss
5.5e-05,0,,,,
,97,0.0,0.2768387794494629,-0.2768387794494629,
,97,0,,,0.3443876802921295
4.701865978733342e-05,98,,,,
,195,1.0,0.2605569064617157,-0.2605569064617157,
,195,1,,,0.3065248727798462
2.775e-05,196,,,,
,293,2.0,0.24779221415519714,-0.24779221415519714,
,293,2,,,0.27435657382011414
8.481340212666582e-06,294,,,,
,391,3.0,0.24012815952301025,-0.24012815952301025,
,391,3,,,0.26972538232803345
