lr-AdamW,step,epoch,v_loss,val_metric,train_loss
5.5e-05,0,,,,
,96,0.0,0.324383407831192,-0.324383407831192,
,96,0,,,0.31464239954948425
4.701865978733342e-05,97,,,,
,193,1.0,0.30108433961868286,-0.30108433961868286,
,193,1,,,0.2869686186313629
2.775e-05,194,,,,
,290,2.0,0.3011309802532196,-0.3011309802532196,
,290,2,,,0.27162787318229675
8.481340212666582e-06,291,,,,
,387,3.0,0.29967808723449707,-0.29967808723449707,
,387,3,,,0.2630106508731842
