lr-AdamW,step,epoch,v_loss,val_metric,train_loss
5.5e-05,0,,,,
,96,0.0,0.31815651059150696,-0.31815651059150696,
,96,0,,,0.3542722761631012
4.701865978733342e-05,97,,,,
,193,1.0,0.3082486391067505,-0.3082486391067505,
,193,1,,,0.27826249599456787
2.775e-05,194,,,,
,290,2.0,0.29233816266059875,-0.29233816266059875,
,290,2,,,0.26717403531074524
8.481340212666582e-06,291,,,,
,387,3.0,0.28580442070961,-0.28580442070961,
,387,3,,,0.2597072422504425
