path,origin_path,x_pos,y_pos,z_pos,study_id,series_id,instance_number,pred_l1_spinal,pred_l2_spinal,pred_l3_spinal,pred_l4_spinal,pred_l5_spinal,pred_l1_right_neural,pred_l2_right_neural,pred_l3_right_neural,pred_l4_right_neural,pred_l5_right_neural,pred_l1_left_neural,pred_l2_left_neural,pred_l3_left_neural,pred_l4_left_neural,pred_l5_left_neural,pred_spinal,pred_right_neural,pred_left_neural
/kaggle/temp/sagittal_all_images/44036939___3844393089___15.png,/kaggle/input/rsna-2024-lumbar-spine-degenerative-classification/test_images/44036939/3844393089/15.dcm,8.36482,-81.2502,158.533,44036939,3844393089,15,0.007613892667728638,0.021187071070853148,0.26930724594284605,0.7900025327366261,0.6061995524678656,0.2141538502547011,0.06789126330563569,0.004258883893008139,0.0009830207847714887,0.001244513129146998,0.007769963666363921,0.0025810686531160983,0.0011103843545497327,0.00033127325822448236,0.00038269356293668184,0.3388620589771839,0.057706306273452676,0.002435076699038183
